﻿Song,Artist(s),Writer(s),Album(s),Year
"""18""",One Direction,Ed Sheeran,Four,2014
,,Oliver Frank,,
"""A.M.""",One Direction,Niall Horan,Made in the A.M.,2015
,,Liam Payne,,
,,Harry Styles,,
,,Louis Tomlinson,,
,,Ed Drewett,,
,,John Ryan,,
,,Julian Bunetta,,
"""Act My Age""",One Direction,John Ryan,Four,2014
,,Julian Bunetta,,
,,,,
,,Ed Drewett,,
"""Alive""",One Direction,Julian Bunetta,Midnight Memories,2013
,,John Ryan,,
,,Jamie Scott,,
,,Louis Tomlinson,,
"""Another World""",One Direction,Achraf Jannusi,Up All Night,2011
,,Bilal Hajji,,
,,Eric Sanicola,,
,,Geo Slam,,
,,RedOne,,
,,Teddy Sky,,
"""Back for You""",One Direction,Kristoffer Fogelmark,Take Me Home,2012
,,Savan Kotecha,,
,,Albin Nedler,,
,,Rami Yacoub,,
,,Liam Payne,,
,,Harry Styles,,
,,Louis Tomlinson,,
,,Niall Horan,,
"""Best Song Ever"" †",One Direction,Wayne Hector,Midnight Memories,2013
,,John Ryan,,
,,Ed Drewett,,
,,Julian Bunetta,,
"""Better than Words""",One Direction,Jamie Scott,Midnight Memories,2013
,,Julian Bunetta,,
,,John Ryan,,
,,Liam Payne,,
,,Louis Tomlinson,,
"""C'mon, C'mon""",One Direction,Jamie Scott,Take Me Home,2012
,,John Ryan,,
,,Julian Bunetta,,
"""Change My Mind""",One Direction,Rami Yacoub,Take Me Home,2012
,,Carl Falk,,
,,Savan Kotecha,,
"""Change Your Ticket""",One Direction,Niall Horan,Four,2014
,,Zayn Malik,,
,,Liam Payne,,
,,Harry Styles,,
,,Louis Tomlinson,,
,,Sam Martin,,
,,Julian Bunetta,,
,,John Ryan,,
"""Clouds""",One Direction,Zayn Malik,Four,2014
,,Liam Payne,,
,,Louis Tomlinson,,
,,Jamie Scott,,
,,Julian Bunetta,,
,,John Ryan,,
"""Diana""",One Direction,Jamie Scott,Midnight Memories,2013
,,Julian Bunetta,,
,,John Ryan,,
,,Liam Payne,,
,,Louis Tomlinson,,
"""Does He Know?""",One Direction,Jamie Scott,Midnight Memories,2013
,,Julian Bunetta,,
,,John Ryan,,
,,Liam Payne,,
,,Louis Tomlinson,,
"""Don't Forget Where You Belong""",One Direction,Tom Fletcher,Midnight Memories,2013
,,Danny Jones,,
,,Dougie Poynter,,
,,Niall Horan,,
"""Drag Me Down"" †",One Direction,Julian Bunetta,Made in the A.M.,2015
,,Jamie Scott,,
,,John Ryan,,
"""End of the Day""",One Direction,Liam Payne,Made in the A.M.,2015
,,Louis Tomlinson,,
,,Julian Bunetta,,
,,Ed Drewett,,
,,Jacob Kasher,,
,,Wayne Hector,,
,,"Gamal ""LunchMoney"" Lewis",,
,,John Ryan,,
"""Everything About You""",One Direction,Steve Robson,Up All Night,2011
,,Wayne Hector,,
,,Harry Styles,,
,,Liam Payne,,
,,Louis Tomlinson,,
,,Niall Horan,,
,,Zayn Malik,,
,,Nandini Srivastava,,
"""Fireproof""",One Direction,Julian Bunetta,Four,2014
,,Louis Tomlinson,,
,,Jamie Scott,,
,,Liam Payne,,
,,John Ryan,,
"""Fool's Gold""",One Direction,Jamie Scott,Four,2014
,,Maureen McDonald,,
,,Niall Horan,,
,,Zayn Malik,,
,,Liam Payne,,
,,Harry Styles,,
,,Louis Tomlinson,,
"""Forever Young"" •  [note 1]",One Direction,Bernhard Lloyd,—,2010
,,Marian Gold,,
,,Frank Mertens,,
"""Girl Almighty""",One Direction,Julian Bunetta,Four,2014
,,John Ryan,,
,,S. Pages Mehner,,
"""God Only Knows"" • ","Brian Wilson, One Direction, and various artists",BBC Music and Friends,—,2014
"""Gotta Be You"" †",One Direction,Steve Mac,Up All Night,2011
,,August Rigo,,
"""Half a Heart""",One Direction,Steve Robson,Midnight Memories,2013
,,Ed Drewett,,
,,Lindy Robbins,,
"""Happily""",One Direction,Savan Kotecha,Midnight Memories,2013
,,Carl Falk,,
,,Harry Styles,,
"""Heart Attack""",One Direction,Rami Yacoub,Take Me Home,2012
,,Carl Falk,,
,,Savan Kotecha,,
,,Shellback,,
,,Kristian Lundin,,
"""Heroes"" • ",The X Factor finalists 2010,David Bowie,—,2010
,,Brian Eno,,
"""Hey Angel""",One Direction,Ed Drewett,Made in the A.M.,2015
,,John Ryan,,
,,Julian Bunetta,,
"""History"" †",One Direction,Liam Payne,Made in the A.M.,2015
,,Louis Tomlinson,,
,,Ed Drewett,,
,,Wayne Hector,,
,,Julian Bunetta,,
,,John Ryan,,
"""Home""",One Direction,Liam Payne,Perfect EP,2015
,,Louis Tomlinson,,
,,Jamie Scott,,
"""I Should've Kissed You""",One Direction,Steve Robson,Up All Night,2011
,,Ina Wroldsen,,
"""I Want""",One Direction,Tom Fletcher,Up All Night,2011
"""I Want to Write You a Song""",One Direction,Ammar Malik,Made in the A.M.,2015
,,John Ryan,,
,,Julian Bunetta,,
"""I Wish""",One Direction,Rami Yacoub,Up All Night,2011
,,Carl Falk,,
,,Savan Kotecha,,
"""I Would""",One Direction,Tom Fletcher,Take Me Home,2012
,,Danny Jones,,
,,Dougie Poynter,,
"""If I Could Fly""",One Direction,Harry Styles,Made in the A.M.,2015
,,Ross Golan,,
,,Johan Carlsson,,
"""Illusion""",One Direction,Liam Payne,Four,2014
,,Niall Horan,,
,,Jamie Scott,,
,,Julian Bunetta,,
,,John Ryan,,
"""Infinity""",One Direction,Jamie Scott,Made in the A.M.,2015
,,John Ryan,,
,,Julian Bunetta,,
"""Irresistible""",One Direction,Tom Fletcher,Take Me Home,2012
,,Danny Jones,,
,,Dougie Poynter,,
,,Harry Styles,,
,,Liam Payne,,
,,Louis Tomlinson,,
,,Niall Horan,,
,,Zayn Malik,,
"""Kiss You"" †",One Direction,Cagaanan,Take Me Home,2012
,,Rami Yacoub,,
,,Carl Falk,,
,,Savan Kotecha,,
,,Shellback,,
,,Kristian Lundin,,
,,Albin Nedler,,
,,Kristoffer Fogelmark,,
"""Last First Kiss""",One Direction,Abin Nedler,Take Me Home,2012
,,Kristoffer Fogelmark,,
,,Rami Yacoub,,
,,Carl Falk,,
,,Savan Kotecha,,
,,Liam Payne,,
,,Louis Tomlinson,,
,,Zayn Malik,,
"""Little Black Dress""",One Direction,Julian Bunetta,Midnight Memories,2013
,,John Ryan,,
,,Theodore Geiger,,
,,Liam Payne,,
,,Louis Tomlinson,,
"""Little Things"" †",One Direction,Ed Sheeran,Take Me Home,2012
,,Fiona Bevan,,
"""Little White Lies""",One Direction,Julian Bunetta,Midnight Memories,2013
,,Ed Drewett,,
,,John Ryan,,
,,Wayne Hector,,
,,Liam Payne,,
,,Louis Tomlinson,,
"""Live While We're Young"" †",One Direction,Rami Yacoub,Take Me Home,2012
,,Carl Falk,,
,,Savan Kotecha,,
"""Long Way Down""",One Direction,Louis Tomlinson,Made in the A.M.,2015
,,Liam Payne,,
,,Jamie Scott,,
,,John Ryan,,
,,Julian Bunetta,,
"""Love You Goodbye""",One Direction,Louis Tomlinson,Made in the A.M.,2015
,,Julian Bunetta,,
,,Jacob Kasher,,
"""Loved You First""",One Direction,Tebey Ottoh,Take Me Home,2012
,,Julian Bunetta,,
,,John Ryan,,
,,Tommy Lee James,,
"""Magic""",One Direction,Rami Yacoub,Take Me Home,2012
,,Carl Falk,,
,,Savan Kotecha,,
"""Midnight Memories"" †",One Direction,Jamie Scott,Midnight Memories,2013
,,Julian Bunetta,,
,,John Ryan,,
,,Liam Payne,,
,,Louis Tomlinson,,
"""Moments""",One Direction,Ed Sheeran,Up All Night,2011
,,Si Hulbert,,
"""More than This"" †",One Direction,Jamie Scott,Up All Night,2011
"""Na Na Na""",One Direction,Iain James,Up All Night,2011
,,Savan Kotecha,,
,,James Murray,,
,,Matt Squire,,
,,Mustapha Omer,,
"""Never Enough""",One Direction,Niall Horan,Made in the A.M.,2015
,,John Ryan,,
,,Julian Bunetta,,
,,Jamie Scott,,
"""Night Changes"" †",One Direction,Jamie Scott,Four,2014
,,Julian Bunetta,,
,,John Ryan,,
,,Niall Horan,,
,,Zayn Malik,,
,,Harry Styles,,
,,Liam Payne,,
,,Louis Tomlinson,,
"""No Control""",One Direction,Liam Payne,Four,2014
,,Louis Tomlinson,,
,,Ruth-Anne Cunningham,,
,,Jamie Scott,,
,,Julian Bunetta,,
,,John Ryan,,
"""Nobody Compares""",One Direction,Rami Yacoub,Take Me Home,2012
,,Carl Falk,,
,,Savan Kotecha,,
,,Shellback,,
"""Olivia""",One Direction,Harry Styles,Made in the A.M.,2015
,,John Ryan,,
,,Julian Bunetta,,
"""Once in a Lifetime""",One Direction,Jamie Scott,Four,2014
,,Julian Bunetta,,
,,John Ryan,,
"""One Thing"" †",One Direction,Rami Yacoub,Up All Night,2011
,,Carl Falk,,
,,Savan Kotecha,,
"""One Way or Another (Teenage Kicks)"" •  [note 2]",One Direction,Debbie Harry,—,2013
,,Nigel Harrison,,
,,John O'Neill,,
"""Over Again""",One Direction,Ed Sheeran,Take Me Home,2012
,,Robert Conlon,,
,,Alexander Gowers,,
"""Perfect"" †",One Direction,Harry Styles,Made in the A.M.,2015
,,Louis Tomlinson,,
,,Julian Bunetta,,
,,Jesse Shatkin,,
,,Jacob Kasher,,
,,John Ryan,,
,,Maureen Anne McDonald,,
"""Ready to Run""",One Direction,Louis Tomlinson,Four,2014
,,Liam Payne,,
,,Jamie Scott,,
,,Julian Bunetta,,
,,John Ryan,,
"""Right Now""",One Direction,Ryan Tedder,Midnight Memories,2013
,,Harry Styles,,
,,Liam Payne,,
,,Louis Tomlinson,,
"""Rock Me""",One Direction,Lukasz Gottwald,Take Me Home,2012
,,Henry Walter,,
,,Peter Svensson,,
,,Allan Grigg,,
,,Sam Hollander,,
"""Same Mistakes""",One Direction,Steve Robson,Up All Night,2011
,,Wayne Hector,,
,,Harry Styles,,
,,Liam Payne,,
,,Louis Tomlinson,,
,,Niall Horan,,
,,Zayn Malik,,
"""Save You Tonight""",One Direction,RedOne,Up All Night,2011
,,BeatGeek,,
,,Jimmy Joker,,
,,Teddy Sky,,
,,Achraf Jannusi,,
,,Alaina Beaton,,
,,Savan Kotecha,,
"""She's Not Afraid""",One Direction,Jamie Scott,Take Me Home,2012
,,John Ryan,,
,,Julian Bunetta,,
"""Something Great""",One Direction,Jacknife Lee,Midnight Memories,2013
,,Gary Lightbody,,
,,Harry Styles,,
"""Spaces""",One Direction,Liam Payne,Four,2014
,,Louis Tomlinson,,
,,Jamie Scott,,
,,Julian Bunetta,,
,,John Ryan,,
"""Stand Up""",One Direction,Roy Stride,Up All Night,2011
,,Josh Wilkinson,,
"""Steal My Girl"" †",One Direction,Wayne Hector,Four,2014
,,John Ryan,,
,,Julian Bunetta,,
,,Ed Drewett,,
,,Louis Tomlinson,,
,,Liam Payne,,
"""Still the One""",One Direction,Rami Yacoub,Take Me Home,2012
,,Carl Falk,,
,,Savan Kotecha,,
,,Harry Styles,,
,,Liam Payne,,
,,Louis Tomlinson,,
"""Stockholm Syndrome""",One Direction,Harry Styles,Four,2014
,,Julian Bunetta,,
,,John Ryan,,
,,Johan Carlsson,,
"""Stole My Heart""",One Direction,Jamie Scott,Up All Night,2011
,,Paul Meehan,,
"""Story of My Life"" †",One Direction,Jamie Scott,Midnight Memories,2013
,,Julian Bunetta,,
,,John Ryan,,
,,Harry Styles,,
,,Liam Payne,,
,,Louis Tomlinson,,
,,Niall Horan,,
,,Zayn Malik,,
"""Strong""",One Direction,Jamie Scott,Midnight Memories,2013
,,Julian Bunetta,,
,,John Ryan,,
,,Louis Tomlinson,,
"""Summer Love""",One Direction,Steve Robson,Take Me Home,2012
,,Wayne Hector,,
,,Lindy Robbins,,
,,Harry Styles,,
,,Liam Payne,,
,,Louis Tomlinson,,
,,Niall Horan,,
,,Zayn Malik,,
"""Taken""",One Direction,Toby Gad,Up All Night,2011
,,Lindy Robbins,,
,,Harry Styles,,
,,Liam Payne,,
,,Louis Tomlinson,,
,,Niall Horan,,
,,Zayn Malik,,
"""Tell Me a Lie""",One Direction,Kelly Clarkson,Up All Night,2011
,,Tom Meredith,,
,,Shep Solomon,,
"""Temporary Fix""",One Direction,Niall Horan,Made in the A.M.,2015
,,Wayne Hector,,
,,TMS,,
"""They Don't Know About Us""",One Direction,Tebey Ottoh,Take Me Home,2012
,,Tommy Lee James,,
,,Peter Wallevik,,
,,Tommy P Gregersen,,
"""Through the Dark""",One Direction,Jamie Scott,Midnight Memories,2013
,,Toby Smith,,
,,Liam Payne,,
,,Louis Tomlinson,,
"""Truly, Madly, Deeply""",One Direction,Trevor Dahl,Take Me Home,2012
,,Toby Gad,,
,,Lindy Robbins,,
"""Up All Night""",One Direction,Savan Kotecha,Up All Night,2011
,,Matt Squire,,
"""Walking in the Wind""",One Direction,Harry Styles,Made in the A.M.,2015
,,Julian Bunetta,,
,,Jamie Scott,,
,,John Ryan,,
"""What a Feeling""",One Direction,Liam Payne,Made in the A.M.,2015
,,Louis Tomlinson,,
,,Mike Needle,,
,,Daniel Bryer,,
,,Jamie Scott,,
"""What Makes You Beautiful"" †",One Direction,Rami Yacoub,Up All Night,2011
,,Carl Falk,,
,,Savan Kotecha,,
"""Where Do Broken Hearts Go""",One Direction,Harry Styles,Four,2014
,,Julian Bunetta,,
,,Ruth-Anne Cunningham,,
,,Theodore Geiger,,
,,Ali Tamposi,,
"""Why Don't We Go There""",One Direction,Steve Robson,Midnight Memories,2013
,,Claude Kelly,,
,,Wayne Hector,,
,,Louis Tomlinson,,
"""Wishing on a Star"" • ",The X Factor Finalists 2011 featuring JLSand One Direction,Billie Rae Calvin,—,2011
"""Wolves""",One Direction,Niall Horan,Made in the A.M.,2015
,,Liam Payne,,
,,Will Champlin,,
,,Andrew Haas,,
,,Ian Franzino,,
"""You & I"" †",One Direction,Jamie Scott,Midnight Memories,2013
,,Julian Bunetta,,
,,Niall Horan,,
,,John Ryan,,